"Data/Hora";"Login";"Perfil";"Tipo";"Descrição";"Detalhes"
"19/06/2026, 09:04:17";"litoral";"Litoral";"CONFIRMACAO_DIA";"Confirmou o dia 2026-06-18";""
"19/06/2026, 09:00:43";"portoex.admin";"🔑 Administrador";"vaga";"Vaga encerrada: 19/06/2026";""
"19/06/2026, 09:00:40";"portoex.admin";"🔑 Administrador";"vaga";"Vaga encerrada: 19/06/2026";""
"19/06/2026, 08:17:33";"RP";"RP";"CONFIRMACAO_DIA";"Confirmou o dia 2026-06-18";"Ok"
"18/06/2026, 19:22:01";"portoex.logistica";"🚚 Logística";"vaga";"Mural publicado: 19/06/2026";""
"18/06/2026, 19:21:40";"portoex.logistica";"🚚 Logística";"vaga";"Mural publicado: 19/06/2026";""
"18/06/2026, 19:14:53";"portoex.logistica";"🚚 Logística";"vaga";"Mural publicado: 18/06/2026";""
"18/06/2026, 17:58:33";"litoral";"Litoral";"CONFIRMACAO_DIA";"Confirmou o dia 2026-06-17";""
"18/06/2026, 17:01:58";"RP";"RP";"CONFIRMACAO_DIA";"Confirmou o dia 2026-06-17";"Ok"
"18/06/2026, 16:59:46";"RP";"RP";"CONFIRMACAO_DIA";"Confirmou o dia 2026-06-16";"Ok"
"18/06/2026, 16:36:12";"litoral";"Litoral";"CONFIRMACAO_DIA";"Confirmou o dia 2026-06-16";""
"18/06/2026, 16:28:15";"RP";"RP";"CONFIRMACAO_DIA";"Confirmou o dia 2026-06-15";""
"18/06/2026, 16:28:00";"RP";"RP";"CONFIRMACAO_DIA";"Confirmou o dia 2026-06-12";""
"18/06/2026, 16:27:56";"RP";"RP";"CONFIRMACAO_DIA";"Confirmou o dia 2026-06-11";""
"18/06/2026, 16:27:52";"RP";"RP";"CONFIRMACAO_DIA";"Confirmou o dia 2026-06-10";""
"18/06/2026, 16:27:47";"RP";"RP";"CONFIRMACAO_DIA";"Confirmou o dia 2026-06-09";""
"18/06/2026, 16:27:42";"RP";"RP";"CONFIRMACAO_DIA";"Confirmou o dia 2026-06-08";""
"18/06/2026, 16:27:38";"RP";"RP";"CONFIRMACAO_DIA";"Confirmou o dia 2026-06-06";""
"18/06/2026, 16:27:29";"RP";"RP";"CONFIRMACAO_DIA";"Confirmou o dia 2026-06-05";""
"18/06/2026, 16:27:25";"RP";"RP";"CONFIRMACAO_DIA";"Confirmou o dia 2026-06-04";""
"18/06/2026, 16:27:22";"RP";"RP";"CONFIRMACAO_DIA";"Confirmou o dia 2026-06-03";""
"18/06/2026, 16:27:18";"RP";"RP";"CONFIRMACAO_DIA";"Confirmou o dia 2026-01-21";""
"18/06/2026, 16:27:15";"RP";"RP";"CONFIRMACAO_DIA";"Confirmou o dia 2026-01-19";""
"18/06/2026, 16:27:11";"RP";"RP";"CONFIRMACAO_DIA";"Confirmou o dia 2026-01-16";""
"18/06/2026, 16:27:08";"RP";"RP";"CONFIRMACAO_DIA";"Confirmou o dia 2026-01-15";""
"18/06/2026, 16:27:06";"RP";"RP";"CONFIRMACAO_DIA";"Confirmou o dia 2026-01-14";""
"18/06/2026, 16:25:35";"litoral";"Litoral";"CONFIRMACAO_DIA";"Confirmou o dia 2026-06-15";""
"18/06/2026, 16:25:23";"litoral";"Litoral";"CONFIRMACAO_DIA";"Confirmou o dia 2026-06-12";""
"18/06/2026, 16:25:20";"litoral";"Litoral";"CONFIRMACAO_DIA";"Confirmou o dia 2026-06-11";""
"18/06/2026, 16:25:17";"litoral";"Litoral";"CONFIRMACAO_DIA";"Confirmou o dia 2026-06-10";""
"18/06/2026, 16:25:14";"litoral";"Litoral";"CONFIRMACAO_DIA";"Confirmou o dia 2026-06-09";""
"18/06/2026, 16:25:11";"litoral";"Litoral";"CONFIRMACAO_DIA";"Confirmou o dia 2026-06-08";""
"18/06/2026, 16:25:08";"litoral";"Litoral";"CONFIRMACAO_DIA";"Confirmou o dia 2026-06-05";""
"18/06/2026, 15:09:54";"portoex.admin";"🔑 Administrador";"vaga";"Vaga encerrada: 19/06/2026";""
"18/06/2026, 15:09:48";"portoex.admin";"🔑 Administrador";"vaga";"Vaga encerrada: 19/06/2026";""
"18/06/2026, 13:14:15";"portoex.admin";"🔑 Administrador";"vaga";"Mural publicado: 19/06/2026";""
"18/06/2026, 13:14:00";"portoex.admin";"🔑 Administrador";"vaga";"Mural publicado: 19/06/2026";""
"18/06/2026, 13:07:36";"portoex.admin";"🔑 Administrador";"vaga";"Vaga encerrada: 18/06/2026";""
"18/06/2026, 09:25:15";"portoex.admin";"🔑 Administrador";"login_admin";"Login editado: RAFA";""
"18/06/2026, 09:15:20";"portoex.admin";"🔑 Administrador";"vaga";"Vaga encerrada: 17/06/2026";""
"18/06/2026, 09:15:18";"portoex.admin";"🔑 Administrador";"vaga";"Vaga encerrada: 17/06/2026";""
"18/06/2026, 09:15:16";"portoex.admin";"🔑 Administrador";"vaga";"Vaga encerrada: 17/06/2026";""
"18/06/2026, 09:15:14";"portoex.admin";"🔑 Administrador";"vaga";"Vaga encerrada: 17/06/2026";""
"18/06/2026, 09:15:05";"portoex.admin";"🔑 Administrador";"vaga";"Vaga encerrada: 18/06/2026";""
"18/06/2026, 09:15:02";"portoex.admin";"🔑 Administrador";"vaga";"Vaga encerrada: 18/06/2026";""
"18/06/2026, 09:14:52";"portoex.admin";"🔑 Administrador";"vaga";"Vaga encerrada: 18/06/2026";""
"18/06/2026, 09:14:13";"portoex.admin";"🔑 Administrador";"vaga";"Vaga encerrada: 18/06/2026";""
"18/06/2026, 09:14:06";"portoex.admin";"🔑 Administrador";"vaga";"Vaga encerrada: 18/06/2026";""
"17/06/2026, 18:42:01";"portoex.logistica";"🚚 Logística";"vaga";"Mural publicado: 18/06/2026";""
"17/06/2026, 18:41:04";"portoex.logistica";"🚚 Logística";"vaga";"Mural publicado: 18/06/2026";""
"17/06/2026, 18:39:11";"portoex.logistica";"🚚 Logística";"vaga";"Mural publicado: 18/06/2026";""
"17/06/2026, 18:08:51";"portoex.logistica";"🚚 Logística";"vaga";"Mural publicado: 18/06/2026";""
"17/06/2026, 18:08:32";"portoex.logistica";"🚚 Logística";"vaga";"Mural publicado: 18/06/2026";""
"17/06/2026, 18:08:10";"portoex.logistica";"🚚 Logística";"vaga";"Mural publicado: 18/06/2026";""
"17/06/2026, 16:33:48";"portoex.admin";"🔑 Administrador";"vaga";"Vaga encerrada: 12/06/2026";""
"17/06/2026, 16:32:45";"portoex.admin";"🔑 Administrador";"vaga";"Mural publicado: 12/06/2026";""
"17/06/2026, 16:30:11";"portoex.admin";"🔑 Administrador";"login_admin";"Login editado: VALMI";""
"17/06/2026, 16:28:43";"portoex.admin";"🔑 Administrador";"login_admin";"Login editado: RAFA";""
"17/06/2026, 16:28:27";"portoex.admin";"🔑 Administrador";"login_admin";"Novo login criado: VALMI";""
"17/06/2026, 08:36:56";"portoex.admin";"🔑 Administrador";"vaga";"Mural publicado: 17/06/2026";""
"17/06/2026, 08:11:27";"portoex.admin";"🔑 Administrador";"login_admin";"Novo login criado: RAFA";""
"16/06/2026, 20:42:15";"portoex.logistica";"🚚 Logística";"vaga";"Mural publicado: 17/06/2026";""
"16/06/2026, 20:38:01";"portoex.logistica";"🚚 Logística";"vaga";"Vaga encerrada: 16/06/2026";""
"16/06/2026, 19:23:54";"portoex.logistica";"🚚 Logística";"vaga";"Mural publicado: 16/06/2026";""
"16/06/2026, 19:22:22";"portoex.logistica";"🚚 Logística";"vaga";"Mural publicado: 17/06/2026";""
"16/06/2026, 19:19:34";"portoex.logistica";"🚚 Logística";"motorista";"Motorista cadastrado: RAFAEL VICENTE";""
"16/06/2026, 19:19:13";"portoex.logistica";"🚚 Logística";"vaga";"Mural publicado: 17/06/2026";""
"16/06/2026, 19:03:30";"portoex.logistica";"🚚 Logística";"motorista";"Motorista cadastrado: Fabiano px";""
"16/06/2026, 14:43:15";"portoex.admin";"🔑 Administrador";"vaga";"Vaga encerrada: 17/06/2026";""
"16/06/2026, 14:43:09";"portoex.admin";"🔑 Administrador";"vaga";"Vaga encerrada: 16/06/2026";""
"16/06/2026, 14:43:04";"portoex.admin";"🔑 Administrador";"vaga";"Vaga encerrada: 16/06/2026";""